№ п.п.,Лаб 1,Лаб 2,Лаб 3,Лаб 4,Лаб 5,Лаб 6,Лаб 7,Лаб 8,Лаб 9,Лаб 10,Лаб 11,Лаб 12
1,100,0,0,0,0,0,0,0,0,0,0,0
2,0,0,0,0,0,0,0,0,0,0,0,0
3,0,0,0,0,0,0,0,0,0,0,0,0
4,0,0,0,0,0,0,0,0,0,0,0,0
5,100,0,0,0,0,0,0,0,0,0,0,0
6,100,0,0,0,0,0,0,0,0,0,0,0
7,100,0,0,0,0,0,0,0,0,0,0,0
8,100,0,0,0,0,0,0,0,0,0,0,0
9,100,0,0,0,0,0,0,0,0,0,0,0
10,100,0,0,0,0,0,0,0,0,0,0,0
11,100,0,0,0,0,0,0,0,0,0,0,0
12,0,0,0,0,0,0,0,0,0,0,0,0
13,100,0,0,0,0,0,0,0,0,0,0,0
14,0,0,0,0,0,0,0,0,0,0,0,0
15,0,0,0,0,0,0,0,0,0,0,0,0
16,0,0,0,0,0,0,0,0,0,0,0,0
17,100,100,0,0,0,0,0,0,0,0,0,0
18,100,0,0,0,0,0,0,0,0,0,0,0
19,0,0,0,0,0,0,0,0,0,0,0,0
20,0,0,0,0,0,0,0,0,0,0,0,0
21,0,0,0,0,0,0,0,0,0,0,0,0
22,0,0,0,0,0,0,0,0,0,0,0,0
23,100,0,0,0,0,0,0,0,0,0,0,0
24,0,0,0,0,0,0,0,0,0,0,0,0
25,0,0,0,0,0,0,0,0,0,0,0,0
26,100,0,0,0,0,0,0,0,0,0,0,0
27,100,0,0,0,0,0,0,0,0,0,0,0
28,50,0,0,0,0,0,0,0,0,0,0,0
29,100,100,0,0,0,0,0,0,0,0,0,0
30,0,0,0,0,0,0,0,0,0,0,0,0
31,0,0,0,0,0,0,0,0,0,0,0,0
32,100,0,0,0,0,0,0,0,0,0,0,0
33,100,0,0,0,0,0,0,0,0,0,0,0
34,80,0,0,0,0,0,0,0,0,0,0,0
35,100,0,0,0,0,0,0,0,0,0,0,0
